"","X","UNITID","INSTNM","STABBR","SECTOR","ICLEVEL","CONTROL","HLOFFER","UGOFFER","GROFFER","HDEGOFR1","DEGGRANT","HBCU","CCENRPRF","CCSIZSET","CARNEGIE","LANDGRNT","INSTSIZE","LONGITUD","LATITUDE","APPLCN","APPLCNM","APPLCNW","ADMSSN","ADMSSNM","ADMSSNW","ENRLT","ENRLM","ENRLW","ENRLFT","ENRLFTM","ENRLFTW","ENRLPT","ENRLPTM","ENRLPTW","SATNUM","SATPCT","ACTNUM","ACTPCT","SATVR25","SATVR75","SATMT25","SATMT75","SATWR25","SATWR75","ACTCM25","ACTCM75","ACTEN25","ACTEN75","ACTMT25","ACTMT75","ACTWR25","ACTWR75","GRCOHRT","UGENTERN","PGRCOHRT","RRFTCT","RRFTCTA","RET_NMF","RET_PCF","RRPTCT","RRPTCTA","RET_NMP","RET_PCP","STUFACR","mn_earn_wne_p10","mn_earn_wne_p6","mn_earn_wne_p8","md_earn_wne_p10","md_earn_wne_p6","md_earn_wne_p8","sd_earn_wne_p10","sd_earn_wne_p6","sd_earn_wne_p8","SELECT","myrank","name"
"1",2,100663,"University of Alabama at Birmingham","AL",1,1,1,9,1,1,11,1,2,5,15,15,2,4,-86.80917,33.50223,5710,2293,3417,4893,2004,2889,1748,747,1001,1719,733,986,29,14,15,92,5,1628,93,500,640,490,640,NA,NA,21,27,21,29,19,26,NA,NA,1719,3410,50,1730,1729,1433,83,40,40,23,58,18,46300,37400,42100,40300,33200,37200,41900,30400,32100,0.8569176882662,0.488529962546816,FALSE
"2",5,100751,"The University of Alabama","AL",1,1,1,9,1,1,11,1,2,4,16,15,2,5,-87.545766,33.2144,33736,13467,20269,17221,6952,10269,6824,2936,3888,6794,2921,3873,30,15,15,1590,23,5208,76,490,620,500,630,480,600,22,31,23,32,21,29,6,8,6794,8615,79,6428,6389,5539,87,26,25,15,60,21,49100,35700,44700,42400,32900,39200,46700,32100,42900,0.510463599715438,0.568352059925094,FALSE
"3",7,100858,"Auburn University","AL",1,1,1,9,1,1,11,1,2,4,15,15,1,5,-85.492409,32.600201,16958,7551,9407,14154,6255,7899,4592,2241,2351,4552,2217,2335,40,24,16,763,17,3828,83,520,630,530,645,520,610,24,30,24,32,23,28,6,8,4552,5955,76,3693,3693,3343,91,30,30,18,60,17,52100,39300,47100,45400,35900,41800,46100,32500,42100,0.834650312536856,0.66690074906367,FALSE
"4",32,104151,"Arizona State University-Tempe","AZ",1,1,1,9,1,1,11,1,2,4,15,15,2,5,-111.940011,33.421922,22581,12092,10489,19042,10124,8918,7647,4214,3433,7594,4190,3404,53,24,29,4630,61,4073,53,500,630,520,640,NA,NA,22,28,21,28,23,28,NA,NA,7594,11601,65,7114,7045,6065,86,57,56,24,43,22,52400,39500,46000,45200,36300,41200,41100,26800,34300,0.843275319959258,0.659176029962547,FALSE
"5",33,104179,"University of Arizona","AZ",1,1,1,9,1,1,11,1,2,4,15,15,1,5,-110.950769,32.232071,32723,15133,17590,24417,11133,13284,7744,3621,4123,7052,3307,3745,692,314,378,NA,NA,NA,NA,NA,NA,NA,NA,NA,NA,NA,NA,NA,NA,NA,NA,NA,NA,7050,10036,70,6272,6266,5131,82,609,609,382,63,20,53100,38300,46400,44400,33500,40000,45800,36200,35600,0.746172416954436,0.636470037453184,FALSE
"6",43,106397,"University of Arkansas","AR",1,1,1,9,1,1,11,1,2,4,16,15,1,5,-94.178214,36.06153,18984,8180,10804,11777,5107,6670,4571,2076,2495,4518,2051,2467,53,25,28,1153,25,4161,91,500,610,510,620,NA,NA,23,28,23,30,23,27,NA,NA,4518,6144,74,4300,4300,3562,83,39,39,25,64,19,49200,38600,43700,43600,34500,39200,40000,43100,39500,0.620364517488411,0.610955056179775,FALSE
"7",69,110404,"California Institute of Technology","CA",2,1,2,9,1,1,12,1,2,6,11,15,2,2,-118.12574,34.139275,6525,4832,1693,576,309,267,226,136,90,226,136,90,NA,NA,NA,200,88,93,41,730,800,770,800,730,790,34,35,34,35,35,36,NA,NA,226,233,97,248,247,240,97,NA,NA,NA,NA,3,95000,64000,72200,74000,56100,60100,80200,54300,65200,0.0882758620689655,0.886001872659176,FALSE
"8",86,110635,"University of California-Berkeley","CA",1,1,1,9,1,1,11,1,2,5,16,15,1,5,-122.260401,37.871519,73782,37051,36731,11820,5412,6408,5467,2541,2925,5432,2525,2906,35,16,19,4749,87,2502,46,600,730,640,770,620,750,29,34,29,35,28,34,NA,NA,5431,7653,71,4677,4677,4494,96,29,29,22,76,17,78600,51600,62500,62700,43600,53000,73900,51900,55300,0.160201675205335,0.86938202247191,FALSE
"9",87,110644,"University of California-Davis","CA",1,1,1,9,1,1,11,1,2,4,16,15,1,5,-121.751958,38.539895,60543,27570,32973,24440,9962,14478,5377,1973,3404,5331,1966,3365,46,7,39,4829,90,2621,49,510,640,560,700,540,660,25,31,24,32,25,31,NA,NA,5331,8524,63,5063,5063,4717,93,50,50,34,68,18,66200,42400,54800,57100,37600,48500,52200,32900,42000,0.403680029070248,0.844101123595506,FALSE
"10",88,110653,"University of California-Irvine","CA",1,1,1,9,1,1,11,1,2,4,16,15,2,5,-117.841248,33.648434,66515,30440,36075,24890,10806,14084,5435,2461,2974,5426,2457,2969,9,4,5,5111,94,2431,45,480,600,550,690,510,620,23,29,23,30,24,30,NA,NA,5426,7469,73,5449,5449,5025,92,11,11,7,64,19,61800,39700,52000,55800,36300,47100,41700,27000,37200,0.374201307975645,0.8312265917603,FALSE
"11",89,110662,"University of California-Los Angeles","CA",1,1,1,9,1,1,11,1,2,5,16,15,2,5,-118.443901,34.068892,86537,40677,45860,16059,7148,8911,5764,2394,3370,5753,2386,3367,11,8,3,5044,88,2791,48,580,710,610,750,600,730,27,33,28,34,27,34,NA,NA,5753,8937,64,5684,5684,5505,97,13,13,8,62,16,70200,46800,60000,59200,41100,51000,61200,39300,55000,0.185573800801969,0.857209737827715,FALSE
"12",90,110671,"University of California-Riverside","CA",1,1,1,9,1,1,11,1,2,4,16,15,1,5,-117.331098,33.97588,36101,16371,19730,21044,9325,11719,4279,1946,2333,4272,1944,2328,7,2,5,4024,94,1976,46,490,600,520,650,500,610,22,27,21,27,22,28,NA,NA,4273,5572,77,4187,4187,3754,90,16,16,8,50,19,52600,34200,43800,48700,31800,41100,36800,22600,31200,0.582920140716324,0.746956928838951,FALSE
"13",91,110680,"University of California-San Diego","CA",1,1,1,9,1,1,11,1,2,4,16,15,2,5,-117.237793,32.876598,73448,34490,38958,24449,11608,12841,4922,2538,2384,4913,2532,2381,9,6,3,4441,90,2121,43,560,670,630,760,590,700,27,32,27,33,27,34,NA,NA,4913,7386,67,5218,5218,4936,95,10,10,8,80,19,69700,42000,56800,59600,38400,50100,57000,30000,43400,0.332874959154776,0.857911985018727,FALSE
"14",92,110705,"University of California-Santa Barbara","CA",1,1,1,9,1,1,12,1,2,4,16,15,2,5,-119.848031,34.415402,66813,30818,35995,24283,10397,13886,4738,2096,2642,4725,2087,2638,13,9,4,4225,89,2465,52,530,660,570,710,560,670,26,31,25,33,25,31,NA,NA,4725,6331,75,4597,4597,4247,92,27,27,14,52,17,58900,38100,50300,52000,34800,45600,46800,26200,40800,0.363447233322856,0.792134831460674,FALSE
"15",93,110714,"University of California-Santa Cruz","CA",1,1,1,9,1,1,12,1,2,3,16,15,2,4,-122.067993,36.997258,40727,18192,22535,22695,9822,12873,4035,1874,2161,4019,1865,2154,16,9,7,3563,88,1830,45,480,620,510,650,490,620,23,29,22,30,23,29,NA,NA,4019,5095,79,3295,3295,2931,89,7,7,1,14,18,50100,32900,42200,44600,29900,37800,43100,23900,31800,0.557247035136396,0.642790262172285,FALSE
"16",164,123961,"University of Southern California","CA",2,1,2,9,1,1,11,1,2,5,16,15,2,5,-118.283858,34.021058,51920,24711,27209,9358,4284,5074,3098,1454,1644,3093,1451,1642,5,3,2,2298,74,1407,45,620,720,660,760,640,740,29,33,30,34,28,34,NA,NA,3093,4842,64,2920,2920,2823,97,2,2,2,100,9,77100,64700,74400,66100,55000,62300,61400,57000,68800,0.180238828967643,0.875936329588015,FALSE
"17",176,126614,"University of Colorado Boulder","CO",1,1,1,9,1,1,11,1,2,4,15,15,2,5,-105.267061,40.004415,28852,15657,13195,24282,12861,11421,5869,3307,2562,5797,3265,2532,72,42,30,2481,42,4343,74,520,630,540,660,NA,NA,24,30,23,30,24,29,NA,NA,5814,7414,78,5789,5788,4851,84,51,51,27,53,18,55600,38600,47900,48000,34500,41600,47800,29700,40700,0.841605434631915,0.732677902621723,FALSE
"18",181,126818,"Colorado State University-Fort Collins","CO",1,1,1,9,1,1,11,1,2,4,16,15,1,5,-105.08083,40.574759,16655,7625,9030,13404,5865,7539,4353,1963,2390,4300,1928,2372,53,35,18,1005,23,3897,90,510,620,520,630,NA,NA,22,27,22,28,22,27,NA,NA,4253,6269,68,4321,4319,3673,85,112,112,79,71,16,49800,36200,44200,44300,32600,39500,38800,24700,34800,0.804803362353648,0.633661048689139,FALSE
"19",182,127060,"University of Denver","CO",2,1,2,9,1,1,11,1,2,5,13,15,2,4,-104.964625,39.695954,13670,6309,7361,10456,4720,5736,1424,700,724,1415,693,722,9,7,2,541,38,1035,73,550,640,560,660,510,620,25,30,24,32,24,29,8,9,1415,1641,86,1399,1399,1209,86,0,0,0,NA,11,61100,44200,53700,51400,40100,47600,55100,29200,40300,0.764886613021214,0.785346441947566,FALSE
"20",195,129020,"University of Connecticut","CT",1,1,1,9,1,1,11,1,2,5,17,15,1,5,-72.249519,41.808205,31280,14730,16550,15629,8495,7134,3588,1781,1807,3577,1776,1801,11,5,6,3192,89,948,26,550,650,590,690,560,660,26,30,NA,NA,NA,NA,NA,NA,3577,4540,79,3712,3707,3464,93,14,14,13,93,16,59700,46200,54100,53900,42900,49700,45900,35000,38300,0.499648337595908,0.81437265917603,FALSE
"21",210,130794,"Yale University","CT",2,1,2,9,1,1,11,1,2,6,17,15,2,4,-72.926688,41.311158,30932,14803,16129,1950,1020,930,1361,706,655,1361,706,655,NA,NA,NA,1076,79,557,41,710,800,700,800,710,790,31,35,NA,NA,NA,NA,NA,NA,1360,1391,98,1358,1358,1336,98,NA,NA,NA,NA,6,95300,76400,100000,66000,60200,70600,109100,71900,103300,0.0630415104099315,0.875468164794007,FALSE
"22",212,130943,"University of Delaware","DE",1,1,1,9,1,1,11,1,2,4,16,15,1,5,-75.7536,39.679791,25194,10793,14401,17089,6903,10186,4521,1860,2661,4510,1850,2660,11,10,1,4450,98,1372,30,530,640,550,660,530,640,24,29,24,30,24,29,8,9,4510,4963,91,3794,3794,3471,91,10,10,7,70,15,59000,44100,53300,54300,42500,50100,40600,24000,32000,0.678296419782488,0.817649812734082,FALSE
"23",215,131159,"American University","DC",2,1,2,9,1,1,11,1,2,5,17,15,2,4,-77.090106,38.937802,15119,5617,9502,6931,2310,4621,1787,631,1156,1784,629,1155,3,2,1,1132,63,635,36,590,680,560,660,580,670,26,30,25,32,24,29,8,10,1784,2183,82,1623,1623,1439,89,3,3,2,67,12,63200,45200,55900,55900,43300,51600,48800,30200,36600,0.458429790330048,0.832397003745318,FALSE
"24",216,131283,"Catholic University of America","DC",2,1,2,9,1,1,11,1,2,5,14,15,2,3,-76.998961,38.935796,6363,2789,3574,4703,2080,2623,832,390,442,830,389,441,2,1,1,710,85,250,30,510,620,510,610,NA,NA,22,28,NA,NA,NA,NA,NA,NA,830,937,89,836,836,687,82,1,1,1,100,7,58200,43900,51100,54500,42600,48900,36500,25400,31200,0.739116768819739,0.819288389513109,FALSE
"25",218,131469,"George Washington University","DC",2,1,2,9,1,1,11,1,2,5,17,15,2,5,-77.047871,38.89865,19069,7729,11340,8351,3726,4625,2416,1043,1373,2410,1042,1368,6,1,5,1808,75,967,40,590,690,610,700,610,700,27,31,28,33,26,31,8,9,2410,3078,78,2348,2348,2193,93,8,8,5,63,12,76500,56300,69400,64500,49100,60100,62200,42100,55100,0.437935916933242,0.873595505617977,FALSE
"26",219,131496,"Georgetown University","DC",2,1,2,9,1,1,11,1,2,6,17,15,2,4,-77.073463,38.908809,19505,8024,11481,3384,1472,1912,1578,707,871,1575,705,870,3,2,1,1320,84,628,40,660,760,660,760,NA,NA,30,33,NA,NA,NA,NA,NA,NA,1575,1971,80,1593,1593,1534,96,1,1,0,0,11,110800,86100,100300,83300,66000,76200,97700,71900,84300,0.173493975903614,0.89559925093633,FALSE
"27",220,131520,"Howard University","DC",2,1,2,9,1,1,11,1,1,5,14,15,2,4,-77.019478,38.920739,13760,4222,9538,6661,2003,4658,1479,469,1010,1467,468,999,12,1,11,1056,71,713,48,500,610,490,610,490,600,21,27,21,29,20,26,NA,NA,1467,1815,81,1576,1576,1340,85,18,18,5,28,8,50000,40300,46400,46500,35000,42400,34700,29300,39000,0.484084302325581,0.693586142322097,FALSE
"28",243,133951,"Florida International University","FL",1,1,1,9,1,1,11,1,2,4,15,15,2,5,-80.377591,25.757111,20175,8182,11993,10648,4367,6281,4141,1828,2313,3782,1650,2132,359,178,181,2880,70,1261,30,500,590,490,580,490,580,22,26,20,26,21,26,7,8,3761,10657,35,4301,4301,3623,84,220,220,136,62,26,49800,37100,44200,45100,34200,40500,32900,24200,31300,0.527781908302354,0.655664794007491,FALSE
"29",246,134097,"Florida State University","FL",1,1,1,9,1,1,11,1,2,4,15,15,2,5,-84.294801,30.4421,30266,12286,17980,16763,6719,10044,6021,2502,3519,5969,2482,3487,52,20,32,2541,42,3480,58,570,640,560,640,560,640,26,29,NA,NA,NA,NA,NA,NA,5944,8652,69,5980,5979,5516,92,52,52,41,79,26,50200,37000,44700,44000,34100,40000,39200,31700,38600,0.553855811802022,0.625936329588015,TRUE
"30",247,134130,"University of Florida","FL",1,1,1,9,1,1,11,1,2,5,16,15,1,5,-82.361195,29.638248,28662,12414,16193,13072,5335,7725,6512,2694,3816,6483,2679,3802,29,15,14,3927,60,2597,40,580,670,590,690,580,670,26,31,25,32,25,30,8,9,6475,8842,73,6348,6348,6101,96,22,22,15,68,21,59900,45100,54600,51300,38500,46600,45500,41000,48500,0.456074244644477,0.783473782771536,FALSE
"31",252,135726,"University of Miami","FL",2,1,2,9,1,1,11,1,2,5,16,15,2,4,-80.27645,25.720406,31613,14886,16726,12069,5725,6344,2078,1020,1058,2052,1005,1047,26,15,11,945,45,862,41,600,690,620,730,590,690,28,32,28,34,27,33,8,9,2052,2921,70,2114,2113,1957,93,26,25,22,88,12,64000,50500,60800,52400,43200,51100,71000,51900,62000,0.381773321102078,0.798923220973783,FALSE
"32",262,137351,"University of South Florida-Main Campus","FL",1,1,1,9,1,1,11,1,2,4,15,15,2,5,-82.415876,28.056647,24988,12033,12955,13284,5486,7798,4168,1824,2344,4124,1796,2328,44,28,16,2206,53,1962,47,530,620,540,630,510,600,23,28,23,29,23,27,7,8,4071,8046,51,3818,3818,3384,89,40,40,27,68,25,46200,35100,40600,41700,33000,37900,32100,23500,30200,0.531615175284136,0.54002808988764,FALSE
"33",286,139658,"Emory University","GA",2,1,2,9,1,1,11,1,2,5,17,15,2,4,-84.325782,33.798836,17796,7397,10399,4773,2072,2701,1365,598,767,1365,598,767,0,0,0,949,70,604,44,630,710,650,750,650,730,29,32,28,32,28,33,8,10,1823,2114,86,1354,1348,1281,95,0,0,0,NA,8,73800,62600,72500,59000,54500,56900,68000,48700,63300,0.268206338503034,0.855805243445693,FALSE
"34",288,139755,"Georgia Institute of Technology-Main Campus","GA",1,1,1,9,1,1,12,1,2,5,17,15,2,5,-84.396019,33.773732,25884,18051,7833,8641,5414,3227,2809,1732,1077,2805,1729,1076,4,3,1,2331,83,1730,62,630,720,680,770,630,730,30,33,30,34,29,34,8,9,2805,3911,72,2669,2669,2563,96,4,4,1,25,18,78800,59700,69300,74000,59400,65700,51700,50600,55200,0.33383557409983,0.886001872659176,FALSE
"35",292,139940,"Georgia State University","GA",1,1,1,9,1,1,11,1,2,4,15,15,2,5,-84.38667,33.7527,12858,4988,7870,7643,3003,4640,3701,1528,2173,3641,1496,2145,60,32,28,3061,83,1744,47,480,590,480,590,NA,NA,20,24,20,25,19,25,NA,NA,3640,7166,51,3388,3388,2750,81,81,81,46,57,21,45900,35200,40500,41500,32400,37500,32800,23500,27400,0.594415927827034,0.529494382022472,FALSE
"36",293,139959,"University of Georgia","GA",1,1,1,9,1,1,11,1,2,4,16,15,1,5,-83.374049,33.956428,20918,8432,12486,11655,4490,7165,5243,2005,3238,5230,1996,3234,13,9,4,4331,83,3423,65,570,660,570,670,570,660,26,30,26,32,25,29,7,8,5240,6764,77,5218,5218,4913,94,18,18,16,89,18,54000,41000,48800,46500,36900,42500,44400,36500,46100,0.557175638206329,0.693586142322097,FALSE
"37",319,141574,"University of Hawaii at Manoa","HI",1,1,1,9,1,1,11,1,2,5,15,15,1,4,-157.816607,21.292648,7532,2922,4557,5937,2219,3678,1849,761,1080,1815,744,1063,34,17,17,1238,67,912,49,480,580,500,610,470,570,20,25,20,25,20,26,7,8,1808,3901,46,1933,1933,1526,79,47,47,31,66,13,51000,37600,43100,44300,33700,38500,49200,32400,36000,0.788236856080722,0.633661048689139,FALSE
"38",326,142285,"University of Idaho","ID",1,1,1,9,1,1,11,1,2,4,17,15,1,4,-117.024296,46.726894,8515,4017,4498,5746,2747,2999,1587,814,773,1552,793,759,35,21,14,1349,85,846,53,450,580,460,590,NA,NA,20,27,20,27,19,27,NA,NA,1554,2898,54,1590,1590,1231,77,40,40,14,35,17,45600,33900,41000,39900,29900,35800,32500,32000,27400,0.674809160305344,0.47940074906367,FALSE
"39",338,144050,"University of Chicago","IL",2,1,2,9,1,1,11,1,2,6,17,15,2,4,-87.601196,41.78917,27500,13101,14399,2409,1199,1210,1445,728,717,1445,728,717,NA,NA,NA,955,66,761,53,720,800,715,800,710,780,32,35,33,35,31,35,NA,NA,1445,1475,98,1426,1426,1409,99,NA,NA,NA,NA,6,95800,69800,86100,62800,50000,58700,114100,74700,97400,0.0876,0.869850187265918,FALSE
"40",350,145600,"University of Illinois at Chicago","IL",1,1,1,9,1,1,11,1,2,5,15,15,2,5,-87.651145,41.872651,15560,7037,8523,11589,5034,6555,3030,1429,1601,3011,1421,1590,19,8,11,174,6,2923,96,460,590,530,660,NA,NA,22,27,22,28,22,27,NA,NA,3011,4813,63,3079,3079,2454,80,25,25,7,28,17,61700,41300,54400,51600,37100,47000,60900,30200,43500,0.744794344473008,0.787453183520599,FALSE
"41",352,145637,"University of Illinois at Urbana-Champaign","IL",1,1,1,9,1,1,11,1,2,5,16,15,1,5,-88.230309,40.108864,35822,20289,15533,21150,11417,9733,6937,3834,3103,6926,3826,3100,11,8,3,1962,28,5440,78,590,690,700,790,600,690,26,32,26,33,26,33,8,9,6926,9157,76,7321,7321,6843,93,8,8,7,88,19,65600,47400,56900,56600,42800,50700,53900,37500,41400,0.590419295405058,0.839887640449438,FALSE
"42",364,146719,"Loyola University Chicago","IL",2,1,2,9,1,1,11,1,2,5,16,15,2,4,-87.657399,41.999161,20414,6633,13781,12931,4107,8824,2292,735,1557,2288,735,1553,4,0,4,458,20,2023,90,520,630,530,630,520,620,25,29,25,31,24,28,8,9,2288,2780,82,2497,2497,2153,86,15,15,12,80,14,56800,42600,50600,50600,39000,45500,45400,29400,36100,0.633437836778681,0.776685393258427,FALSE
"43",376,147703,"Northern Illinois University","IL",1,1,1,9,1,1,11,1,2,4,16,15,2,5,-88.766065,41.933791,19814,9119,10695,10083,4704,5379,2542,1308,1234,2499,1284,1215,43,24,19,69,3,2466,97,450,550,480,580,430,550,19,25,19,25,18,25,6,8,2499,4413,57,2630,2630,1855,71,49,49,21,43,15,47700,36600,42500,43900,34400,39500,33300,21800,30100,0.508882608256788,0.621488764044944,FALSE
"44",378,147767,"Northwestern University","IL",2,1,2,9,1,1,11,1,2,6,17,15,2,5,-87.673653,42.058377,33674,16348,17326,4416,2136,2280,2043,1006,1037,2043,1006,1037,NA,NA,NA,1327,65,1119,55,690,770,700,790,690,770,31,34,NA,NA,30,35,8,10,2043,2270,90,2040,2038,1974,97,NA,NA,NA,NA,7,85600,65600,78000,64100,53400,58100,86500,59900,83900,0.131139751737245,0.872659176029963,FALSE
"45",391,149222,"Southern Illinois University-Carbondale","IL",1,1,1,9,1,1,11,1,2,4,16,15,2,4,-89.217618,37.71921,10896,4987,5890,8883,4134,4749,2775,1368,1407,2756,1353,1403,19,15,4,192,7,2630,95,475,630,490,640,NA,NA,19,26,19,26,17,26,NA,NA,2756,4768,58,2470,2470,1683,68,34,33,12,36,15,47000,35100,41800,41500,31500,37400,37500,27300,30600,0.815253303964758,0.529494382022472,FALSE
"46",423,151351,"Indiana University-Bloomington","IN",1,1,1,9,1,1,11,1,2,4,16,15,2,5,-86.526904,39.166383,36362,15102,20054,27668,12566,15102,7716,3840,3876,7697,3830,3867,19,10,9,5546,72,4811,62,520,630,540,660,510,620,24,30,24,31,24,29,7,9,7697,11888,65,7572,7570,6740,89,20,20,10,50,17,53400,38000,49000,45300,34900,42000,45900,24600,44300,0.760904240690831,0.663857677902622,FALSE
"47",436,152080,"University of Notre Dame","IN",2,1,2,9,1,1,11,1,2,5,17,15,2,4,-86.238959,41.703058,17901,8834,9067,3785,1924,1861,2011,1051,960,2011,1051,960,NA,NA,NA,848,42,1163,58,660,750,680,770,NA,NA,32,34,NA,NA,NA,NA,NA,NA,2012,2130,94,2070,2066,2025,98,NA,NA,NA,NA,10,88000,68600,76300,69400,58700,63200,85200,55000,66100,0.21144070163678,0.88249063670412,FALSE
"48",467,153603,"Iowa State University","IA",1,1,1,9,1,1,11,1,2,4,16,15,1,5,-93.648353,42.026368,18399,9843,8556,15990,8438,7552,6041,3379,2662,6010,3365,2645,31,14,17,487,8,5523,91,460,630,530,680,NA,NA,21,29,20,29,21,29,NA,NA,6016,8412,72,6063,6063,5238,86,24,24,19,79,19,52500,40900,47500,47200,37700,43500,35600,25800,30500,0.869068971139736,0.707631086142322,FALSE
"49",469,153658,"University of Iowa","IA",1,1,1,9,1,1,11,1,2,5,16,15,2,5,-91.535698,41.660695,24097,11177,12920,19506,8627,10879,4666,2150,2516,4347,1976,2371,319,174,145,527,11,4061,87,460,620,540,700,NA,NA,23,28,22,28,22,28,NA,NA,4347,6335,69,4270,4270,3677,86,190,190,142,75,16,58800,42700,51300,48700,38100,44000,56200,35900,42400,0.809478358301863,0.746956928838951,FALSE
"50",498,155317,"University of Kansas","KS",1,1,1,9,1,1,11,1,2,5,15,15,2,5,-95.24587,38.957351,15767,7427,8340,14414,6611,7803,4084,1968,2116,3977,1897,2080,107,71,36,0,0,3970,97,NA,NA,NA,NA,NA,NA,22,28,22,29,21,28,NA,NA,3977,5729,69,3898,3897,3134,80,102,102,73,72,17,51300,41500,47500,44600,35500,41600,41000,39900,40700,0.914187860721761,0.642790262172285,FALSE
"51",500,155399,"Kansas State University","KS",1,1,1,9,1,1,11,1,2,4,16,15,1,5,-96.581077,39.188616,9614,4588,5026,9127,4325,4802,3757,1815,1942,3691,1776,1915,66,39,27,NA,NA,NA,NA,NA,NA,NA,NA,NA,NA,NA,NA,NA,NA,NA,NA,NA,NA,3691,5624,66,3754,3754,3125,83,65,65,35,54,19,48600,37800,43300,43300,35200,39600,34200,26400,27700,0.949344705637612,0.603698501872659,FALSE
"52",526,157085,"University of Kentucky","KY",1,1,1,9,1,1,11,1,2,5,16,15,1,5,-84.509177,38.032393,20677,8953,11724,14930,6245,8685,5185,2285,2900,5144,2263,2881,41,22,19,1000,19,4707,91,490,620,510,640,480,610,22,28,22,30,22,28,7,8,5144,6343,81,4619,4618,3795,82,65,65,31,48,18,48600,39000,45300,41500,33600,39300,41200,35800,34900,0.722058325675872,0.529494382022472,FALSE
"53",529,157289,"University of Louisville","KY",1,1,1,9,1,1,11,1,2,5,15,15,2,5,-85.758843,38.215752,10604,4660,5944,7832,3495,4337,2887,1437,1450,2832,1405,1427,55,32,23,134,5,2736,95,500,620,510,630,NA,NA,22,28,22,30,21,28,NA,NA,2832,3960,72,2805,2805,2260,81,48,48,27,56,12,43700,35000,40200,37700,31000,35800,44700,37100,40600,0.738589211618257,0.334503745318352,FALSE
"54",544,159391,"Louisiana State University and Agricultural & Mechanical College","LA",1,1,1,9,1,1,11,1,2,4,16,15,1,5,-91.196656,30.552111,16580,7385,9195,12706,5625,7081,5655,2629,3026,5652,2627,3025,3,2,1,491,9,5129,91,500,600,510,630,NA,NA,23,28,23,30,22,27,NA,NA,5652,7516,75,5498,5497,4652,85,3,3,1,33,22,54300,42300,49500,45900,36800,42800,48800,46900,45200,0.766344993968637,0.678838951310861,FALSE
"55",561,160755,"Tulane University of Louisiana","LA",2,1,2,9,1,1,11,1,2,5,13,15,2,4,-90.120409,29.939696,28901,11152,17749,8078,2973,5105,1647,631,1016,1647,631,1016,NA,NA,NA,728,44,918,56,610,710,620,700,640,720,29,32,30,34,27,32,NA,NA,1647,1763,93,1609,1608,1483,92,NA,NA,NA,NA,9,67300,53000,63600,52400,43900,51200,65500,49100,63900,0.279505899449846,0.798923220973783,FALSE
"56",571,161253,"University of Maine","ME",1,1,1,9,1,1,12,1,2,4,13,15,1,4,-68.673839,44.895966,11552,5409,6143,9539,4433,5106,2068,1085,983,2045,1066,979,23,19,4,1959,95,236,11,480,590,480,600,460,570,21,27,NA,NA,NA,NA,NA,NA,2045,2958,69,2120,2119,1628,77,17,17,6,35,16,43800,35500,41100,38700,31100,36500,28300,33600,31300,0.825744459833795,0.433286516853933,FALSE
"57",587,162928,"Johns Hopkins University","MD",2,1,2,9,1,1,11,1,2,6,17,15,2,5,-76.620799,39.32838,24590,12282,12308,3954,1984,1970,1470,754,716,1470,754,716,NA,NA,NA,1109,75,600,41,670,740,690,770,670,760,31,34,31,35,30,35,8,10,1470,1933,76,1390,1386,1340,97,NA,NA,NA,NA,9,84700,63300,73800,69200,60500,64400,75900,38100,54500,0.16079707198048,0.882022471910112,FALSE
"58",590,163268,"University of Maryland-Baltimore County","MD",1,1,1,9,1,1,12,1,2,4,16,15,2,4,-76.711607,39.256686,10217,5038,5179,6090,3124,2966,1629,928,701,1616,920,696,13,8,5,1502,92,301,18,540,640,570,670,530,640,24,30,NA,NA,NA,NA,NA,NA,1616,2920,55,1653,1653,1472,89,4,4,2,50,19,57500,41800,50700,53500,39400,46900,33800,25400,31400,0.596065381227366,0.811095505617977,FALSE
"59",591,163286,"University of Maryland-College Park","MD",1,1,1,9,1,1,11,1,2,4,16,15,1,5,-76.939704,38.988607,26340,12914,13426,12624,6364,6260,4155,2274,1881,4148,2271,1877,7,3,4,3667,88,NA,NA,590,690,620,730,NA,NA,NA,NA,NA,NA,NA,NA,NA,NA,4148,6377,65,4011,4011,3839,96,9,9,6,67,18,66600,48000,58700,59100,45600,54400,54300,34500,39400,0.479271070615034,0.856741573033708,FALSE
"60",617,164924,"Boston College","MA",2,1,2,9,1,1,11,1,2,5,17,15,2,4,-71.171488,42.337688,23223,9896,13327,7875,3507,4368,2288,1016,1272,2288,1016,1272,0,0,0,1569,69,1116,49,630,720,640,740,640,730,30,33,30,34,28,33,8,10,2284,2538,90,2305,2305,2214,96,4,4,3,75,15,83800,62400,78700,67000,52600,61800,72800,52800,75000,0.33910347500323,0.878043071161049,FALSE
"61",619,164988,"Boston University","MA",2,1,2,9,1,1,11,1,2,5,17,15,2,5,-71.09984,42.349581,54190,22478,31712,18701,7115,11586,3915,1470,2445,3915,1470,2445,0,0,0,3188,81,1347,34,570,680,620,730,600,690,27,31,27,33,26,31,8,9,3915,5354,73,3807,3798,3551,93,0,0,0,NA,13,69200,48700,60000,60600,44600,53600,55400,31900,45000,0.345100572061266,0.860955056179775,FALSE
"62",620,165015,"Brandeis University","MA",2,1,2,9,1,1,12,1,2,5,14,15,2,3,-71.254716,42.364947,10004,4017,5987,3523,1554,1969,859,377,482,859,377,482,NA,NA,NA,601,70,221,26,590,710,660,770,640,710,29,33,29,34,28,33,8,10,859,929,92,833,831,774,93,NA,NA,NA,NA,10,70000,40200,54600,58800,36700,47400,63400,32500,46800,0.352159136345462,0.853932584269663,FALSE
"63",637,166027,"Harvard University","MA",2,1,2,9,1,1,11,1,2,6,17,15,2,5,-71.118177,42.374429,34295,18012,16283,2045,1124,921,1654,910,744,1654,910,744,NA,NA,NA,1374,83,576,35,700,800,710,800,720,800,32,35,33,35,32,35,8,10,1650,3835,43,1657,1656,1620,98,NA,NA,NA,NA,8,130500,106300,118700,87200,72300,77600,135000,106600,122000,0.0596296836273509,0.897003745318352,FALSE
"64",643,166629,"University of Massachusetts-Amherst","MA",1,1,1,9,1,1,11,1,2,4,17,15,1,5,-72.52613,42.386105,37296,17968,19328,22895,10712,12183,4682,2375,2307,4679,2374,2305,3,1,2,4225,90,1028,22,550,640,570,670,NA,NA,24,30,NA,NA,NA,NA,NA,NA,4691,6457,73,4618,4610,4144,90,3,3,1,33,17,54200,39800,46800,49600,37700,43500,38800,31200,32600,0.613872801372801,0.760767790262172,FALSE
"65",647,166683,"Massachusetts Institute of Technology","MA",2,1,2,9,1,1,12,1,2,6,17,15,2,4,-71.092115,42.360095,18356,12765,5591,1447,740,707,1043,545,498,1043,545,498,NA,NA,NA,872,84,440,42,680,770,740,800,690,780,33,35,33,35,34,36,8,10,1043,1093,95,1116,1112,1097,99,NA,NA,NA,NA,8,128400,106900,125100,91600,77900,86900,144500,126800,147400,0.0788298104162127,0.89747191011236,FALSE
"66",658,167358,"Northeastern University","MA",2,1,2,9,1,1,11,1,2,5,17,15,2,4,-71.088782,42.339992,49819,23131,26688,16052,7420,8632,2944,1521,1423,2944,1521,1423,NA,NA,NA,1419,48,1064,36,660,740,680,760,640,730,31,33,30,34,29,34,NA,NA,2944,3418,86,2891,2889,2779,96,NA,NA,NA,NA,14,66400,51700,60600,60100,48900,56400,48600,31300,39800,0.322206387121379,0.860252808988764,FALSE
"67",672,168148,"Tufts University","MA",2,1,2,9,1,1,11,1,2,5,14,15,2,4,-71.120641,42.406004,19074,8010,11049,3288,1641,1646,1349,672,676,1349,672,676,NA,NA,NA,782,58,567,42,680,760,680,760,690,760,30,33,NA,NA,NA,NA,NA,NA,1350,1412,96,1307,1307,1267,97,NA,NA,NA,NA,9,91900,68700,69000,67800,56400,57400,94800,53600,58700,0.172381251966027,0.879681647940075,FALSE
"68",710,170976,"University of Michigan-Ann Arbor","MI",1,1,1,9,1,1,11,1,2,5,16,15,2,5,-83.74313,42.276172,49776,26562,23214,16047,7895,8152,6505,3243,3262,6475,3229,3246,30,14,16,2107,32,5258,81,620,720,660,760,620,720,29,33,29,34,27,33,8,9,6475,7548,86,6176,6176,6004,97,24,24,21,88,12,72000,55400,65900,57900,47500,53400,69700,50500,65600,0.322384281581485,0.849016853932584,FALSE
"69",711,171100,"Michigan State University","MI",1,1,1,9,1,1,11,1,2,4,16,15,1,5,-84.473639,42.72476,33211,16397,16814,21950,10257,11693,8055,3841,4214,7890,3751,4139,165,90,75,1179,15,6503,81,430,580,540,690,460,570,23,28,23,29,23,28,8,9,7890,9998,79,7924,7924,7260,92,137,137,82,60,17,58100,42100,51900,49800,38800,46800,48200,33300,38200,0.660925596940773,0.762640449438202,FALSE
"70",725,172644,"Wayne State University","MI",1,1,1,9,1,1,11,1,2,5,15,15,2,5,-83.072864,42.35861,12199,4886,7313,9433,3765,5668,2195,999,1196,2101,958,1143,94,41,53,NA,NA,2124,97,NA,NA,NA,NA,NA,NA,20,26,20,26,18,26,NA,NA,2101,4975,42,2075,2068,1566,76,91,91,35,38,15,50200,35500,45800,41500,30100,36700,48000,30400,47000,0.773260103287155,0.529494382022472,FALSE
"71",726,172699,"Western Michigan University","MI",1,1,1,9,1,1,11,1,2,4,15,15,2,5,-85.61512,42.282589,14008,6398,7610,11775,5251,6524,3012,1478,1534,2970,1455,1515,42,23,19,NA,NA,2924,97,NA,NA,NA,NA,NA,NA,19,25,18,25,19,25,NA,NA,2970,4992,59,3158,3156,2446,78,32,32,14,44,18,47100,34300,41600,42700,31200,37900,35500,28200,26600,0.840591090805254,0.582162921348315,FALSE
"72",740,174066,"University of Minnesota-Twin Cities","MN",1,1,1,9,1,1,11,1,2,5,15,15,1,5,-93.235352,44.977886,44760,21212,23548,20300,9208,11092,5530,2626,2904,5521,2618,2903,9,8,1,751,14,5030,91,560,690,620,750,570,680,26,30,24,31,25,30,8,9,5521,10383,53,5538,5538,5120,92,6,6,5,83,17,54000,42700,49500,47800,38400,43300,39900,30100,38100,0.453529937444147,0.729634831460674,FALSE
"73",769,176017,"University of Mississippi","MS",1,1,1,9,1,1,11,1,2,4,16,15,2,5,-89.539377,34.362144,16101,6822,9279,13077,5367,7710,3809,1649,2160,3762,1622,2140,47,27,20,1047,27,3346,88,480,590,490,590,NA,NA,21,27,21,30,20,27,NA,NA,3762,5523,68,3564,3560,3015,85,18,18,7,39,18,52700,41600,46900,40600,33400,37900,58400,46000,47000,0.812185578535495,0.498595505617978,FALSE
"74",773,176080,"Mississippi State University","MS",1,1,1,9,1,1,11,1,2,4,16,15,1,5,-88.78834,33.455241,10766,5066,5700,7646,3649,3997,2974,1463,1511,2964,1455,1509,10,8,2,502,17,2471,83,490,630,500,640,NA,NA,21,28,21,30,15,27,NA,NA,2964,4709,63,3149,3148,2524,80,7,6,3,50,19,46300,35200,41900,39600,31200,36800,34500,33600,27700,0.71019877391789,0.466994382022472,FALSE
"75",775,176372,"University of Southern Mississippi","MS",1,1,1,9,1,1,12,1,2,4,16,15,2,4,-89.33791,31.327499,5850,1945,3905,3904,1269,2635,1607,453,1104,1597,449,1098,10,4,6,63,4,1541,96,450,560,460,555,NA,NA,19,25,17,24,19,27,NA,NA,1597,3172,50,1726,1725,1278,74,20,20,6,30,17,41100,31800,37700,36200,29200,33200,29800,22500,27700,0.667350427350427,0.278792134831461,FALSE
"76",806,178396,"University of Missouri-Columbia","MO",1,1,1,9,1,1,11,1,2,4,16,15,1,5,-92.326429,38.941015,21163,9680,11483,16437,7469,8968,6515,3065,3450,6408,3003,3405,107,62,45,537,8,6154,94,520,650,530,660,NA,NA,23,28,23,29,23,28,NA,NA,6408,7795,82,6060,6060,5223,86,134,134,91,68,20,54700,39000,46700,46000,36000,41200,49500,30900,33900,0.776685725086235,0.680945692883895,FALSE
"77",817,179159,"Saint Louis University","MO",2,1,2,9,1,1,11,1,2,5,17,15,2,4,-90.23381,38.634548,14238,6074,8164,8697,3703,4994,1648,680,968,1648,680,968,0,0,0,263,16,1448,88,530,650,560,670,NA,NA,25,30,25,32,24,29,NA,NA,1639,5385,30,1638,1638,1435,88,0,0,0,NA,12,60600,45300,52700,55200,43400,48100,39400,28600,35600,0.610830172777075,0.825140449438202,FALSE
"78",824,179867,"Washington University in St Louis","MO",2,1,2,9,1,1,11,1,2,5,17,15,2,4,-90.311639,38.648125,29211,14234,14977,5004,2377,2627,1734,814,920,1727,813,914,7,1,6,835,48,1136,66,700,770,720,800,700,770,32,34,33,35,31,35,8,10,1727,2085,83,1595,1595,1550,97,13,13,12,92,8,80700,59700,69500,62300,50200,58300,78300,49700,48800,0.171305330183835,0.868913857677903,FALSE
"79",848,181464,"University of Nebraska-Lincoln","NE",1,1,1,9,1,1,11,1,2,4,16,15,1,5,-96.702177,40.822272,11865,5449,6416,8293,3801,4492,4652,2343,2309,4628,2328,2300,24,15,9,309,7,4337,93,500,640,520,660,NA,NA,22,28,21,29,22,28,NA,NA,4628,5632,82,4396,4396,3693,84,24,24,8,33,21,49800,37300,43000,43800,34400,39200,42400,30200,28700,0.698946481247366,0.617977528089888,FALSE
"80",853,182290,"University of Nevada-Reno","NV",1,1,1,9,1,1,11,1,2,4,15,15,1,4,-119.821651,39.549352,8832,4171,4661,7408,3448,3960,3387,1601,1786,3332,1565,1767,55,36,19,2718,80,1922,57,480,590,480,600,460,570,21,26,20,25,20,25,7,8,3332,5042,66,3046,3046,2498,82,40,40,19,48,22,52200,39800,47000,45500,35200,41800,45800,35300,36000,0.838768115942029,0.6687734082397,FALSE
"81",862,183044,"University of New Hampshire-Main Campus","NH",1,1,1,9,1,1,11,1,2,4,17,15,1,4,-70.934512,43.134235,18420,8233,10187,14740,6205,8535,3227,1372,1855,3227,1372,1855,NA,NA,NA,2904,90,604,19,490,590,510,610,500,600,22,27,21,27,23,28,NA,NA,3227,3819,84,2749,2749,2364,86,NA,NA,NA,NA,19,52300,39500,45900,47300,37100,42400,34800,21900,31400,0.800217155266015,0.709737827715356,FALSE
"82",891,186131,"Princeton University","NJ",2,1,2,9,1,1,12,1,2,5,14,15,2,3,-74.663708,40.348496,26641,14167,12474,1983,1013,970,1312,678,634,1312,678,634,NA,NA,NA,1100,84,468,36,690,800,710,800,700,800,31,35,32,35,30,35,8,10,1310,1355,97,1284,1284,1254,98,NA,NA,NA,NA,6,113000,71600,101500,75100,48300,66500,129000,95800,111400,0.0744341428625052,0.888576779026217,FALSE
"83",896,186380,"Rutgers University-New Brunswick","NJ",1,1,1,9,1,1,11,1,2,4,17,15,1,5,-74.45051,40.503796,31941,15428,16513,19324,9132,10192,6412,3153,3259,6409,3152,3257,3,1,2,6041,94,0,NA,520,640,570,700,540,660,NA,NA,NA,NA,NA,NA,NA,NA,6409,9450,68,6393,6393,5889,92,10,10,6,60,16,62000,45000,55700,54800,40000,50300,48300,37100,44300,0.604990451144297,0.822097378277154,FALSE
"84",911,187985,"University of New Mexico-Main Campus","NM",1,1,1,9,1,1,11,1,2,4,15,15,2,5,-106.620155,35.083868,12574,5425,7149,5706,2453,3253,3132,1390,1742,3089,1362,1727,43,28,15,684,22,2772,89,480,620,485,620,NA,NA,20,25,19,25,18,25,NA,NA,3089,4404,70,3470,3469,2742,79,47,47,21,45,19,41800,32000,37800,35900,27300,31900,33300,29700,36300,0.453793542229998,0.265683520599251,FALSE
"85",912,188030,"New Mexico State University-Main Campus","NM",1,1,1,9,1,1,12,1,2,4,15,15,1,4,-106.747841,32.282875,7101,3078,4023,4942,2091,2851,1862,824,1038,1848,816,1032,14,8,6,384,21,1577,85,400,535,430,550,400,530,18,24,16,23,17,24,6,8,1848,2611,71,1902,1902,1402,74,16,16,5,31,17,38500,29000,35100,33800,24500,30200,27600,22200,27200,0.695958315730179,0.201310861423221,FALSE
"86",936,190150,"Columbia University in the City of New York","NY",2,1,2,9,1,1,11,1,2,6,17,15,2,5,-73.961885,40.808286,32967,15165,17802,2291,1168,1123,1424,718,706,1424,718,706,0,0,0,1158,81,490,34,690,780,700,790,700,780,31,34,32,35,29,35,8,10,1490,2118,70,1476,1476,1424,96,33,33,29,88,6,99600,79300,92500,72900,62900,69500,101900,72400,92400,0.0694937361604028,0.88436329588015,FALSE
"87",939,190415,"Cornell University","NY",2,1,2,9,1,1,11,1,2,5,17,15,1,5,-76.48269,42.445291,43037,23094,19943,6105,2885,3220,3225,1577,1648,3225,1577,1648,NA,NA,NA,2659,82,1337,41,650,740,680,770,NA,NA,30,34,NA,NA,NA,NA,NA,NA,3225,3850,84,3223,3221,3109,97,NA,NA,NA,NA,9,93800,68900,84500,70900,57900,65000,95200,55200,77200,0.14185468317959,0.883426966292135,FALSE
"88",961,191241,"Fordham University","NY",2,1,2,9,1,1,11,1,2,5,17,15,2,4,-73.889578,40.861183,40912,16612,24300,19685,7860,11825,2258,970,1288,2229,958,1271,29,12,17,1825,81,773,34,570,670,580,680,580,680,26,30,26,33,25,29,8,9,2229,2674,83,1944,1943,1738,89,23,23,17,74,14,64900,44000,54600,55400,41400,50300,61700,31000,46800,0.481154673445444,0.826544943820225,FALSE
"89",1003,193900,"New York University","NY",2,1,2,9,1,1,11,1,2,5,17,15,2,5,-73.997264,40.729452,50804,20966,29838,18010,7685,10325,5913,2606,3307,5860,2587,3273,53,19,34,4338,77,1324,22,610,710,630,740,620,720,28,32,NA,NA,NA,NA,NA,NA,5860,7239,81,5613,5593,5145,92,33,33,20,61,10,76800,51000,64600,58800,43400,52500,87400,46000,69600,0.354499645697189,0.853932584269663,FALSE
"90",1019,194824,"Rensselaer Polytechnic Institute","NY",2,1,2,9,1,1,12,1,2,4,14,15,2,3,-73.678768,42.728983,18602,12653,5949,6976,4593,2383,1331,905,426,1331,905,426,NA,NA,NA,921,69,410,31,620,720,680,770,NA,NA,27,32,NA,NA,NA,NA,NA,NA,1331,1513,88,1411,1411,1310,93,NA,NA,NA,NA,15,85500,62900,71900,81700,62900,70100,49500,31700,39500,0.375013439415117,0.894194756554307,FALSE
"91",1022,195030,"University of Rochester","NY",2,1,2,9,1,1,11,1,2,5,14,15,2,4,-77.631042,43.126437,17428,8810,8618,6345,3148,3197,1436,746,690,1436,746,690,NA,NA,NA,NA,NA,NA,NA,NA,NA,NA,NA,NA,NA,NA,NA,NA,NA,NA,NA,NA,NA,1436,1670,86,1472,1472,1420,96,NA,NA,NA,NA,10,74300,45800,59500,55500,41800,50200,77000,30100,61100,0.364069313747992,0.82748127340824,FALSE
"92",1045,196060,"SUNY at Albany","NY",1,1,1,9,1,1,12,1,2,4,17,15,2,4,-73.825014,42.686917,21755,10366,11389,12148,6078,6070,2543,1358,1185,2541,1356,1185,2,2,0,2235,88,607,24,490,580,520,600,NA,NA,22,26,NA,NA,NA,NA,NA,NA,2546,4074,62,2564,2564,2072,81,2,2,1,50,18,56700,37800,47600,50900,35300,44100,41800,22900,29800,0.558400367731556,0.778323970037453,FALSE
"93",1046,196079,"SUNY at Binghamton","NY",1,1,1,9,1,1,11,1,2,4,17,15,2,4,-75.971143,42.088049,28518,13776,14742,12564,6282,6282,2602,1322,1280,2528,1271,1257,74,51,23,2453,94,950,37,590,670,620,700,580,670,27,30,NA,NA,NA,NA,NA,NA,2528,3781,67,2585,2572,2295,89,48,48,42,88,20,65100,44300,55900,58400,41000,52100,50800,29200,38800,0.440563854407742,0.850889513108614,FALSE
"94",1047,196088,"University at Buffalo","NY",1,1,1,9,1,1,11,1,2,5,16,15,2,5,-78.790103,43.001433,24423,12518,11905,14118,7346,6772,3519,1968,1551,3500,1966,1534,19,2,17,2919,83,1126,32,500,600,550,650,NA,NA,24,29,NA,NA,NA,NA,NA,NA,3498,5293,66,3636,3636,3203,88,17,17,12,71,13,57300,43600,50600,49700,37700,44500,43500,34800,39400,0.578061663186341,0.761938202247191,FALSE
"95",1048,196097,"Stony Brook University","NY",1,1,1,9,1,1,11,1,2,5,17,15,2,5,-73.123595,40.913138,33714,16464,17250,13938,7157,6781,2855,1615,1240,2852,1614,1238,3,1,2,2460,86,777,27,540,640,610,710,540,650,26,30,24,31,26,31,8,9,2852,4688,61,2708,2708,2419,89,1,1,0,0,16,59500,42500,51600,55500,39100,48200,41500,30500,33300,0.413418757786083,0.82748127340824,FALSE
"96",1065,196413,"Syracuse University","NY",2,1,2,9,1,1,11,1,2,5,17,15,2,5,-76.136738,43.040525,26790,12090,14700,14260,6256,8004,3470,1519,1951,3461,1514,1947,9,5,4,2685,77,1212,35,520,620,550,660,530,630,24,29,23,28,24,29,8,9,3461,4223,82,3476,3475,3193,92,11,11,7,64,16,63900,44300,54800,56600,42400,50800,51500,29500,42300,0.532288167226577,0.839887640449438,FALSE
"97",1085,197708,"Yeshiva University","NY",2,1,2,9,1,1,11,1,2,6,14,15,2,3,-73.928541,40.8508,1703,885,818,1393,716,677,809,429,380,806,426,380,3,3,0,535,66,274,36,560,680,560,680,550,660,23,29,24,31,23,28,NA,NA,811,828,98,860,495,472,95,2,2,1,50,7,63100,47200,59500,55600,40300,49000,55200,53800,62500,0.817968291250734,0.829119850187266,FALSE
"98",1099,198419,"Duke University","NC",2,1,2,9,1,1,11,1,2,6,17,15,2,4,-78.94226,36.00159,31523,15668,15855,3596,1832,1764,1721,867,854,1721,867,854,NA,NA,NA,1234,72,865,50,670,760,700,790,690,780,31,34,30,35,32,35,8,10,1721,1866,92,1730,1730,1682,97,NA,NA,NA,NA,7,107600,87600,96500,76700,66900,69400,110200,84800,106600,0.114075436982521,0.889044943820225,FALSE
"99",1122,199120,"University of North Carolina at Chapel Hill","NC",1,1,1,9,1,1,11,1,2,5,16,15,2,5,-79.050969,35.912165,31332,12776,18556,8929,3756,5173,3976,1672,2304,3976,1672,2304,0,0,0,2386,60,1692,43,600,700,620,720,590,700,28,32,28,34,27,32,8,9,3976,5155,77,3943,3943,3827,97,3,3,2,67,13,62400,46600,59700,50400,38600,48000,60500,50800,56400,0.284980211923912,0.773408239700375,FALSE
"100",1127,199193,"North Carolina State University at Raleigh","NC",1,1,1,9,1,1,11,1,2,4,16,15,1,5,-78.674517,35.785111,20443,10757,9686,10548,5338,5210,4499,2489,2010,4493,2485,2008,6,4,2,2864,64,1902,42,560,650,600,680,540,630,26,30,25,30,25,30,7,8,4493,6074,74,4159,4159,3867,93,6,6,1,17,16,54800,40500,49900,47500,37100,44100,43900,25800,45000,0.515971237098273,0.719803370786517,FALSE
"101",1166,201645,"Case Western Reserve University","OH",2,1,2,9,1,1,11,1,2,6,14,15,2,4,-81.605769,41.500812,21733,11637,10096,8326,4269,4057,1282,701,581,1282,701,581,0,0,0,766,60,760,59,610,710,660,760,610,710,29,33,29,34,29,34,8,9,1282,1384,93,1252,1250,1164,93,0,0,0,NA,11,77400,65800,74300,67000,57600,61800,55800,47400,62200,0.383104035337965,0.878043071161049,FALSE
"102",1171,201885,"University of Cincinnati-Main Campus","OH",1,1,1,9,1,1,11,1,2,5,15,15,2,5,-84.51428,39.131159,16689,8318,8371,12647,6323,6324,4618,2445,2173,4566,2439,2127,52,6,46,1194,26,4181,91,510,630,530,660,490,610,23,28,22,28,23,28,7,8,4566,6022,76,4429,4425,3818,86,20,20,12,60,18,46000,36900,40300,39400,32900,36200,40600,29800,30600,0.757804541913836,0.459269662921348,FALSE
"103",1191,203517,"Kent State University at Kent","OH",1,1,1,9,1,1,11,1,2,4,16,15,2,5,-81.342253,41.146856,16125,6180,9945,13607,5054,8553,4272,1545,2727,4238,1529,2709,34,16,18,978,23,3708,87,470,580,470,580,460,560,20,25,19,25,20,25,6,8,4238,5323,80,4293,4293,3511,82,45,45,24,53,21,40000,31200,36100,36600,29000,33100,33200,19400,29900,0.84384496124031,0.2937734082397,FALSE
"104",1209,204796,"Ohio State University-Main Campus","OH",1,1,1,9,1,1,11,1,2,4,15,15,1,5,-83.009001,39.998389,36788,18622,18166,19484,9585,9899,7079,3547,3532,7070,3542,3528,9,5,4,2573,36,5900,83,540,660,620,730,560,660,27,31,26,32,26,31,8,9,7070,10392,68,7121,7121,6670,94,9,9,4,44,18,48600,37500,43800,42600,33800,38900,38200,29400,32500,0.529629226921822,0.577247191011236,FALSE
"105",1210,204857,"Ohio University-Main Campus","OH",1,1,1,9,1,1,11,1,2,4,16,15,2,5,-82.101064,39.326799,20934,9770,11164,15548,7044,8504,4377,1974,2403,4366,1967,2399,11,7,4,1022,23,3985,91,490,600,490,600,470,580,22,26,21,26,20,26,7,8,4367,6146,71,4233,4233,3391,80,10,10,6,60,18,43900,32600,38900,39500,30200,35800,30700,21500,25700,0.742715200152861,0.463483146067416,FALSE
"106",1221,206084,"University of Toledo","OH",1,1,1,9,1,1,11,1,2,4,15,15,2,5,-83.615225,41.65795,10394,4851,5543,9846,4606,5240,3436,1696,1740,3359,1653,1706,77,43,34,362,11,3180,93,440,575,460,610,420,550,19,25,18,26,18,25,6,8,3359,4771,70,3137,3133,2195,70,74,73,35,48,20,45900,36600,43600,40200,32300,37600,33100,26200,33300,0.947277275351164,0.486657303370786,FALSE
"107",1242,207388,"Oklahoma State University-Main Campus","OK",1,1,1,9,1,1,11,1,2,4,16,15,1,5,-97.069743,36.123085,12259,6039,6220,9188,4369,4819,4057,1973,2084,3865,1864,2001,192,109,83,964,24,3701,91,480,600,510,620,NA,NA,22,28,21,28,21,27,NA,NA,3871,5904,66,3701,3701,2993,81,150,150,91,61,20,50700,39900,46000,43400,35700,39800,37600,30700,38600,0.749490170486989,0.607209737827715,FALSE
"108",1245,207500,"University of Oklahoma-Norman Campus","OK",1,1,1,9,1,1,11,1,2,4,16,15,2,5,-97.445692,35.208152,11331,5458,5873,9216,4308,4908,4176,2079,2097,3861,1943,1918,315,136,179,1427,34,3573,86,520,670,540,670,NA,NA,23,29,22,30,23,28,NA,NA,3882,5707,68,3694,3692,3146,85,319,319,249,78,18,58000,45100,51800,46600,37900,43300,57600,42000,43900,0.813343923749007,0.696395131086142,FALSE
"109",1268,209542,"Oregon State University","OR",1,1,1,9,1,1,11,1,2,4,15,15,1,5,-123.274721,44.56274,14116,7203,6913,10976,5328,5648,3718,1886,1832,3453,1764,1689,265,122,143,2820,76,1557,42,480,610,500,620,460,590,21,28,20,27,21,28,7,8,3453,6370,54,3553,3553,2976,84,272,272,172,63,19,51200,39400,46400,46400,33500,41600,33600,35000,34200,0.777557381694531,0.690308988764045,FALSE
"110",1269,209551,"University of Oregon","OR",1,1,1,9,1,1,11,1,2,4,15,15,2,5,-123.07398,44.044515,21359,9909,11450,15997,6862,9135,3961,1761,2200,3896,1732,2164,65,29,36,2765,70,1619,41,490,610,500,620,490,600,22,27,21,28,21,27,7,8,3896,5522,71,3913,3912,3413,87,46,46,27,59,19,46800,36100,42200,41600,31500,38000,36900,42900,36100,0.748958284563884,0.535112359550562,FALSE
"111",1295,211440,"Carnegie Mellon University","PA",2,1,2,9,1,1,12,1,2,5,17,15,2,4,-79.942914,40.444616,19812,11592,8220,4874,2556,2318,1474,813,661,1474,813,661,0,0,0,1288,87,512,35,640,740,700,800,660,760,30,34,30,35,31,35,NA,NA,1474,1558,95,1442,1439,1381,96,0,0,0,NA,10,95900,70900,90200,72000,64000,72200,111500,63000,99800,0.246012517666061,0.883895131086142,FALSE
"112",1333,213543,"Lehigh University","PA",2,1,2,9,1,1,12,1,2,4,14,15,2,3,-75.378887,40.607158,11512,6604,4908,3945,2019,1926,1299,702,597,1299,702,597,NA,NA,NA,878,68,421,32,590,670,640,740,NA,NA,28,32,NA,NA,NA,NA,NA,NA,1299,1332,98,1198,1198,1145,96,NA,NA,NA,NA,10,85800,59700,77100,76800,58500,68600,66300,33600,66600,0.342685892981237,0.889513108614232,FALSE
"113",1367,214777,"Pennsylvania State University-Main Campus","PA",1,1,1,9,1,1,11,1,2,4,16,15,1,5,-77.861644,40.800732,50299,25261,25038,25295,11966,13329,8183,4200,3983,8166,4191,3975,17,9,8,6099,75,1371,17,530,620,560,670,540,640,25,29,24,30,25,30,8,9,8166,8972,91,7999,7999,7451,93,24,24,19,79,17,53500,40500,48100,47500,37100,43400,40300,26600,34700,0.502892701644168,0.719803370786517,FALSE
"114",1376,215062,"University of Pennsylvania","PA",2,1,2,9,1,1,11,1,2,6,17,15,2,5,-75.193618,39.951002,35866,18286,17580,3718,1771,1947,2425,1187,1238,2425,1187,1238,0,0,0,1598,66,827,34,670,770,690,780,690,780,31,34,32,35,30,34,8,10,2350,3076,76,2353,2348,2288,97,57,57,53,93,6,113400,92300,106600,78200,67400,73200,126200,89800,115900,0.103663636870574,0.891385767790262,FALSE
"115",1384,215293,"University of Pittsburgh-Pittsburgh Campus","PA",1,1,1,9,1,1,11,1,2,5,16,15,2,5,-79.954692,40.444502,30629,14387,16242,16271,7491,8780,3847,1799,2048,3845,1798,2047,2,1,1,3298,86,1684,44,580,670,600,690,570,670,26,31,27,33,26,32,8,9,3845,4845,79,3851,3850,3565,93,3,3,3,100,14,55200,42400,51000,48200,38400,45600,44100,31300,40900,0.53122857422704,0.737827715355805,FALSE
"116",1408,216339,"Temple University","PA",1,1,1,9,1,1,11,1,2,4,15,15,2,5,-75.158267,39.980943,26496,11938,14558,16357,7408,8949,4485,2073,2412,4472,2067,2405,13,6,7,4045,90,906,20,500,610,510,620,490,600,22,28,21,29,21,28,7,8,4472,7391,61,4380,4379,3890,89,10,10,7,70,14,51900,40100,49500,46500,36600,43600,38300,29400,40100,0.617338466183575,0.693586142322097,FALSE
"117",1423,217156,"Brown University","RI",2,1,2,9,1,1,11,1,2,5,14,15,2,3,-71.404467,41.827605,30431,12467,17964,2661,1319,1342,1561,764,797,1561,764,797,NA,NA,NA,1208,77,617,40,660,770,670,780,670,780,30,34,30,35,28,34,NA,NA,1559,1813,86,1542,1542,1504,98,NA,NA,NA,NA,9,81400,54400,70400,59700,44600,54400,88500,44700,75500,0.0874437251486971,0.858614232209738,FALSE
"118",1428,217484,"University of Rhode Island","RI",1,1,1,9,1,1,11,1,2,4,16,15,1,4,-71.527356,41.484691,20923,8621,12302,16071,6326,9745,3145,1430,1715,3119,1421,1698,26,9,17,2879,92,577,18,480,580,490,590,480,580,22,26,NA,NA,NA,NA,NA,NA,3123,3931,79,2970,2970,2434,82,21,21,9,43,17,53200,41200,49200,48200,37400,44600,34900,32800,34000,0.76810208861062,0.737827715355805,FALSE
"119",1439,217882,"Clemson University","SC",1,1,1,9,1,1,12,1,2,4,16,15,1,5,-82.834463,34.677329,20756,11202,9554,10694,5877,4817,3475,1726,1749,3470,1722,1748,5,4,1,2050,59,1425,41,560,660,590,680,540,650,26,31,NA,NA,NA,NA,NA,NA,3470,4912,71,3286,3286,3032,92,3,3,2,67,16,55400,42500,48500,49400,37600,43500,40300,39200,30000,0.515224513393717,0.757724719101124,FALSE
"120",1454,218663,"University of South Carolina-Columbia","SC",1,1,1,9,1,1,11,1,2,4,16,15,2,5,-81.026971,33.998973,23342,9832,13509,15219,6560,8659,4983,2267,2716,4945,2248,2697,38,19,19,2728,55,2225,45,550,640,570,660,NA,NA,25,29,NA,NA,NA,NA,NA,NA,4943,6767,73,5002,5002,4398,88,43,43,18,42,18,49800,39300,45600,42100,34600,38700,42800,31300,37800,0.652000685459686,0.552902621722846,FALSE
"121",1501,220862,"University of Memphis","TN",1,1,1,9,1,1,11,1,2,4,15,15,2,5,-89.982038,35.115934,11311,4662,6649,5361,2223,3138,2365,993,1372,2306,961,1345,59,32,27,126,5,2279,96,450,570,450,560,440,560,19,25,20,26,17,24,4,9,2266,3875,58,2025,2025,1583,78,53,53,26,49,14,41600,32400,38900,37000,28600,33700,31900,29400,37800,0.473963398461674,0.310159176029963,FALSE
"122",1511,221759,"The University of Tennessee-Knoxville","TN",1,1,1,9,1,1,11,1,2,5,16,15,1,5,-83.929696,35.955093,15442,6796,8646,11555,5107,6448,4701,2347,2354,4689,2339,2350,12,8,4,856,18,4376,93,520,630,530,640,NA,NA,24,29,24,31,23,28,NA,NA,4689,6285,75,4261,4261,3688,87,15,15,9,60,17,52200,39500,48300,42300,34000,39000,50200,34800,55300,0.748283901049087,0.561797752808989,FALSE
"123",1518,221999,"Vanderbilt University","TN",2,1,2,9,1,1,11,1,2,5,17,15,2,4,-86.804875,36.14443,29518,13058,16460,3865,1981,1884,1605,797,808,1604,797,807,1,0,1,657,41,997,62,710,780,720,800,680,770,32,34,33,35,30,35,8,10,1604,1843,87,1613,1611,1560,97,0,0,0,NA,8,77000,58600,70800,60900,47200,54400,68600,61400,70700,0.130937055356054,0.863061797752809,FALSE
"124",1539,225511,"University of Houston","TX",1,1,1,9,1,1,11,1,2,4,15,15,2,5,-95.344851,29.719988,17328,8290,9038,10915,5411,5504,4048,2125,1923,3908,2045,1863,140,80,60,3566,88,1484,37,500,610,540,640,NA,NA,22,27,21,27,23,27,NA,NA,3908,9107,43,3321,3321,2864,86,113,113,72,64,22,55900,43400,51000,48300,39000,45200,44800,32600,38900,0.629905355493998,0.741104868913858,FALSE
"125",1554,227216,"University of North Texas","TX",1,1,1,9,1,1,11,1,2,4,15,15,2,5,-97.151211,33.210958,16842,7664,9178,11012,4901,6111,4450,2138,2312,4337,2061,2276,113,77,36,3598,81,1946,44,490,600,500,610,NA,NA,21,26,19,25,20,26,NA,NA,4339,8456,51,4182,4181,3263,78,65,65,42,65,23,45900,36600,41200,42100,34700,39400,34400,24100,26500,0.653841586509916,0.552902621722846,FALSE
"126",1560,227757,"Rice University","TX",2,1,2,9,1,1,12,1,2,5,14,15,2,3,-95.403625,29.716485,17728,9334,8394,2677,1402,1275,949,515,434,949,515,434,NA,NA,NA,734,77,487,51,680,760,710,790,670,770,31,34,32,35,30,35,8,10,946,1005,94,976,975,935,96,0,0,0,NA,6,81300,60100,73200,59900,48600,56500,66400,55000,73800,0.151004061371841,0.859316479400749,FALSE
"127",1566,228246,"Southern Methodist University","TX",2,1,2,9,1,1,11,1,2,5,13,15,2,4,-96.784855,32.845254,11817,5236,6581,6192,2856,3336,1459,729,730,1455,727,728,4,2,2,745,51,925,63,600,690,620,710,600,695,28,31,28,33,26,32,8,9,1455,1762,83,1428,1428,1276,89,3,3,2,67,11,64400,52700,59900,52200,44200,50400,51900,49300,47700,0.523990860624524,0.795880149812734,FALSE
"128",1575,228723,"Texas A & M University-College Station","TX",1,1,1,9,1,1,11,1,2,4,15,15,1,5,-96.340322,30.613226,32190,16286,15904,22863,11285,11578,10835,5376,5459,9488,4643,4845,1347,733,614,6757,62,4078,38,520,640,560,670,490,610,24,30,23,30,24,29,7,8,9489,13518,70,9030,9030,8133,90,1211,1211,1074,89,20,62800,47000,56300,52900,42700,49000,49400,34800,43000,0.710251630941286,0.80500936329588,FALSE
"129",1576,228769,"The University of Texas at Arlington","TX",1,1,1,9,1,1,11,1,2,4,15,15,2,5,-97.115087,32.728437,10245,4601,5644,6290,2889,3401,2714,1306,1408,2660,1279,1381,54,27,27,2283,84,1152,42,420,568,490,610,440,550,20,26,18,25,20,26,6,8,2683,8473,32,2624,2624,1819,69,89,89,45,51,26,50900,39400,46100,46400,37100,42900,34400,24800,32200,0.613958028306491,0.690308988764045,FALSE
"130",1577,228778,"The University of Texas at Austin","TX",1,1,1,9,1,1,11,1,2,4,15,15,2,5,-97.739429,30.286604,38785,19342,19443,15381,6971,8410,7285,3391,3894,7036,3249,3787,249,142,107,5903,81,4163,57,570,690,600,720,560,690,26,32,26,33,26,33,8,9,7036,9663,73,7118,7118,6723,94,131,131,105,80,17,65400,49700,58900,52800,42100,48600,59700,51800,51200,0.396570839241975,0.803604868913858,FALSE
"131",1586,229115,"Texas Tech University","TX",1,1,1,9,1,1,11,1,2,4,16,15,2,5,-101.876917,33.580309,21873,11022,10851,14464,7372,7092,5619,2952,2667,5519,2887,2632,100,65,35,3244,58,2335,42,490,590,510,610,470,560,22,27,21,26,22,27,6,8,5519,8844,62,4725,4725,3944,83,60,60,37,62,22,54500,43300,49800,46100,38900,43900,47500,36000,40700,0.661271887715448,0.683286516853933,FALSE
"132",1593,230038,"Brigham Young University-Provo","UT",2,1,2,9,1,1,11,1,2,3,15,15,2,5,-111.649281,40.250851,11078,4171,6907,5207,1695,3512,4072,1261,2811,4023,1240,2783,49,21,28,1245,31,3822,94,570,690,580,680,NA,NA,27,31,27,33,26,30,NA,NA,4014,4737,85,4366,2375,2063,87,57,30,22,73,18,66700,42100,55500,57400,37400,47400,57100,34300,49000,0.470030691460552,0.845739700374532,FALSE
"133",1597,230728,"Utah State University","UT",1,1,1,9,1,1,11,1,2,3,15,15,1,5,-111.81391,41.740748,12835,6045,6790,12557,5911,6646,4071,1551,2520,3696,1380,2316,375,171,204,579,14,3512,86,470,590,450,590,NA,NA,20,26,19,27,18,26,NA,NA,3696,5844,63,2935,2396,1711,71,252,227,110,48,22,47800,34600,41700,42400,32300,37300,41700,25100,32700,0.978340475262953,0.568352059925094,FALSE
"134",1598,230764,"University of Utah","UT",1,1,1,9,1,1,11,1,2,5,15,15,2,5,-111.846044,40.762484,10991,5504,5487,8949,4296,4653,3158,1562,1596,2878,1421,1457,280,141,139,630,20,2779,88,500,640,520,650,490,610,21,28,21,29,20,27,7,8,2871,5437,53,2790,2447,2170,89,334,294,197,67,17,58600,43700,51600,49300,38100,44300,51900,39500,46900,0.814211627695387,0.756554307116105,FALSE
"135",1616,231174,"University of Vermont","VT",1,1,1,9,1,1,11,1,2,4,17,15,1,4,-73.198128,44.479262,24233,10588,13645,17797,7253,10544,2310,1008,1302,2286,998,1288,24,10,14,1933,84,765,33,540,640,540,650,540,640,24,29,24,29,24,30,8,9,2286,3030,75,2483,2483,2160,87,12,12,6,50,15,50000,36300,44700,44000,32700,39400,36900,24500,32400,0.734411752568811,0.625936329588015,FALSE
"136",1639,232982,"Old Dominion University","VA",1,1,1,9,1,1,11,1,2,4,16,15,2,5,-76.309653,36.884919,9161,4284,4877,7502,3557,3945,2795,1341,1454,2764,1321,1443,31,20,11,2193,78,753,27,460,560,460,560,NA,NA,18,23,16,23,17,24,NA,NA,2764,5276,52,2908,2869,2310,81,34,34,22,65,20,47700,36800,42800,43300,34200,39200,29400,23400,30300,0.818906232944002,0.603698501872659,FALSE
"137",1653,233921,"Virginia Polytechnic Institute and State University","VA",1,1,1,9,1,1,11,1,2,4,16,15,1,5,-80.434848,37.237477,20744,12329,8415,15067,8578,6489,5494,3058,2436,5474,3046,2428,20,12,8,5003,91,0,NA,540,640,570,680,530,640,NA,NA,NA,NA,NA,NA,NA,NA,5474,6492,84,5298,5298,4901,93,4,4,3,75,16,63700,46800,55900,57900,44300,52900,46900,31800,31500,0.726330505206325,0.849016853932584,FALSE
"138",1654,234030,"Virginia Commonwealth University","VA",1,1,1,9,1,1,11,1,2,4,15,15,2,5,-77.453597,37.547631,13758,5504,8254,10366,4195,6171,3531,1433,2098,3522,1428,2094,9,5,4,3258,92,855,24,500,610,500,600,490,590,21,27,20,27,20,26,NA,NA,3522,5867,60,3513,3511,3030,86,12,12,4,33,17,47200,36800,42700,41800,32700,38600,34900,29000,29900,0.753452536705917,0.544007490636704,FALSE
"139",1655,234076,"University of Virginia-Main Campus","VA",1,1,1,9,1,1,11,1,2,5,16,15,2,5,-78.502599,38.036546,31021,14602,16419,8997,4012,4985,3709,1619,2090,3706,1618,2088,3,1,2,3191,86,1491,40,620,720,630,740,620,720,28,33,29,34,28,33,8,9,3706,5213,71,3516,3516,3421,97,1,1,1,100,15,74400,52700,66300,58600,44900,53600,75700,56000,57600,0.290029334966636,0.852996254681648,FALSE
"140",1679,236939,"Washington State University","WA",1,1,1,9,1,1,11,1,2,4,16,15,1,5,-117.158168,46.730448,14887,6760,8127,12219,5403,6816,4163,1954,2209,4057,1902,2155,106,52,54,3655,88,940,23,450,570,460,580,440,550,19,25,18,25,18,25,6,8,4357,7059,62,3695,3695,2960,80,68,68,45,66,15,52200,40500,48200,46400,37700,43700,39500,24600,37300,0.820783233693827,0.690308988764045,FALSE
"141",1680,236948,"University of Washington-Seattle Campus","WA",1,1,1,9,1,1,11,1,2,5,15,15,2,5,-122.313115,47.656213,31611,14851,16760,17451,7994,9457,6360,3121,3239,6298,3087,3211,62,34,28,5269,83,2185,34,530,650,580,700,520,640,25,31,24,32,26,32,8,9,6208,9071,68,6144,6144,5784,94,59,59,43,73,18,61300,48100,56400,52100,41300,48300,47800,40900,49300,0.552054664515517,0.794007490636704,FALSE
"142",1702,238032,"West Virginia University","WV",1,1,1,9,1,1,11,1,2,4,16,15,1,5,-79.953926,39.63468,15604,8073,7531,13386,6843,6543,4868,2630,2238,4850,2619,2231,18,11,7,1967,42,2750,58,460,560,480,580,NA,NA,21,26,19,26,20,26,NA,NA,4850,6384,76,4901,4900,3767,77,12,12,2,17,21,50400,37100,43600,43900,33000,38700,36100,26100,31300,0.857856959753909,0.621488764044944,FALSE
"143",1717,239105,"Marquette University","WI",2,1,2,9,1,1,11,1,2,4,17,15,2,4,-87.928121,43.038766,21755,10096,11659,14513,6395,8118,1992,916,1076,1989,914,1075,3,2,1,376,19,1796,90,540,640,560,650,520,620,25,29,24,30,24,29,8,9,1989,2274,87,1989,1989,1763,89,1,1,0,0,14,64100,49900,57800,55600,46400,52300,48200,30700,40700,0.667111008963457,0.829119850187266,FALSE
"144",1737,240444,"University of Wisconsin-Madison","WI",1,1,1,9,1,1,11,1,2,5,16,15,1,5,-89.405356,43.073858,25438,12525,12913,14484,6660,7824,6264,2996,3268,6243,2990,3253,21,6,15,1104,18,5554,89,560,660,620,740,590,680,26,31,26,32,26,31,8,9,6243,7947,79,6323,6323,6030,95,16,16,12,75,18,59900,46100,57000,51000,40400,48200,50000,44800,48600,0.569384385564903,0.780664794007491,FALSE
"145",1738,240453,"University of Wisconsin-Milwaukee","WI",1,1,1,9,1,1,11,1,2,4,15,15,2,5,-87.880488,43.076848,8067,3636,4431,7224,3178,4046,3454,1602,1852,3374,1555,1819,80,47,33,0,NA,3269,95,NA,NA,NA,NA,NA,NA,19,24,18,24,17,25,6,8,3374,5637,60,3201,3201,2246,70,102,102,60,59,18,44700,35100,40900,42000,33400,38100,28400,20900,26500,0.89550018594273,0.550327715355805,FALSE
"146",1742,240727,"University of Wyoming","WY",1,1,1,9,1,1,11,1,2,4,15,15,1,4,-105.57204,41.311943,4187,2026,2161,4089,1969,2120,1567,788,779,1554,783,771,13,5,8,245,16,1438,92,470,600,470,610,NA,NA,22,27,21,27,21,27,NA,NA,1554,2625,59,1568,1564,1182,76,14,14,8,57,15,50800,40200,46200,46200,36700,42000,42700,27100,33300,0.976594220205398,0.685393258426966,FALSE
"147",1783,243744,"Stanford University","CA",2,1,2,9,1,1,11,1,2,6,17,15,2,4,-122.182212,37.431746,42167,22536,19631,2145,1083,1062,1678,857,821,1678,857,821,NA,NA,NA,1438,86,764,39,680,780,700,790,690,790,31,34,32,35,30,35,NA,NA,1677,1707,98,1674,1674,1648,98,NA,NA,NA,NA,10,123400,102300,109200,80900,73900,76500,152300,111900,117600,0.0508691630896198,0.893258426966292,FALSE
"148",1784,243780,"Purdue University-Main Campus","IN",1,1,1,9,1,1,11,1,2,4,16,15,1,5,-86.914435,40.428206,39896,24262,15634,23654,13424,10230,6500,3786,2714,6482,3776,2706,18,10,8,4777,73,3465,53,520,630,560,700,520,630,24,30,24,31,25,32,NA,NA,6533,7659,85,6373,6370,5890,92,15,15,12,80,12,59600,44600,53800,52600,40800,47500,43400,30200,41800,0.592891517946661,0.80126404494382,FALSE
